{
  "post_glued_100x100": {
    "name": "Клееный брус 100×100 мм",
    "price": 1200,
    "unit": "м.п.",
    "currency": "RUB"
  },
  "post_glued_150x150": {
    "name": "Клееный брус 150×150 мм",
    "price": 1500,
    "unit": "м.п.",
    "currency": "RUB"
  },
  "post_glued_200x200": {
    "name": "Клееный брус 200×200 мм",
    "price": 2200,
    "unit": "м.п.",
    "currency": "RUB"
  },
  "post_glued_240x140": {
    "name": "Клееный брус 240×140 мм",
    "price": 1800,
    "unit": "м.п.",
    "currency": "RUB"
  },
  "post_planed_90x90": {
    "name": "Строганый брус 90×90 мм",
    "price": 850,
    "unit": "м.п.",
    "currency": "RUB"
  },
  "post_planed_140x140": {
    "name": "Строганый брус 140×140 мм",
    "price": 1100,
    "unit": "м.п.",
    "currency": "RUB"
  },
  "post_planed_190x190": {
    "name": "Строганый брус 190×190 мм",
    "price": 1400,
    "unit": "м.п.",
    "currency": "RUB"
  },
  "beam_glued": {
    "name": "Продольные балки клееные",
    "price": 1800,
    "unit": "м.п.",
    "currency": "RUB"
  },
  "beam_planed": {
    "name": "Продольные балки строганые",
    "price": 1200,
    "unit": "м.п.",
    "currency": "RUB"
  },
  "truss_planed_45x190": {
    "name": "Строганая доска 45×190 мм",
    "price": 850,
    "unit": "м.п.",
    "currency": "RUB"
  },
  "truss_planed_35x190": {
    "name": "Строганая доска 35×190 мм",
    "price": 780,
    "unit": "м.п.",
    "currency": "RUB"
  },
  "truss_planed_50x150": {
    "name": "Строганая доска 50×150 мм",
    "price": 920,
    "unit": "м.п.",
    "currency": "RUB"
  },
  "roof_shinglas_sonata": {
    "name": "Гибкая черепица Shinglas Финская Соната",
    "price": 450,
    "unit": "м²",
    "currency": "RUB"
  },
  "roof_metal_grandline": {
    "name": "Металлочерепица Grand Line 0.45 мм + снегозадержатели",
    "price": 650,
    "unit": "м²",
    "currency": "RUB"
  },
  "roof_profiled_gl35r": {
    "name": "Кровельный профнастил GL 35R",
    "price": 520,
    "unit": "м²",
    "currency": "RUB"
  },
  "roof_polycarbonate_8mm": {
    "name": "Монолитный поликарбонат, 8 мм",
    "price": 380,
    "unit": "м²",
    "currency": "RUB"
  },
  "mounting_base": {
    "name": "Монтаж базовый",
    "price": 2500,
    "unit": "м²",
    "currency": "RUB"
  },
  "mounting_complex": {
    "name": "Монтаж сложный",
    "price": 3500,
    "unit": "м²",
    "currency": "RUB"
  },
  "delivery_mkad": {
    "name": "Доставка от МКАД",
    "price": 35,
    "unit": "км",
    "currency": "RUB"
  },
  "gutter_docke_pvc": {
    "name": "Docke ПВХ Premium 120/85 мм",
    "price": 1200,
    "unit": "м.п.",
    "currency": "RUB"
  },
  "gutter_metallprofil_grand": {
    "name": "МеталлПрофиль GRANDSYSTEM 125/90 мм",
    "price": 1400,
    "unit": "м.п.",
    "currency": "RUB"
  },
  "gutter_pipe_funnel": {
    "name": "Труба + воронка (цена за комплект, h=2000)",
    "price": 2500,
    "unit": "комплект",
    "currency": "RUB"
  }
}




